Date,Wake up early/ no sleep after fajr,الله,كتاب ربك,وردك من دلائل الخيرات,الساعة أو النصف من تعلم العلم - دورة أم كتب,Check something out concerning programming,Take care of your diet,Language learning,Pair programming with Muaz,Exercise,الكهف,ختمة خاجغان,Cook something,Ne prati vijesti, klix, aljezira, YT SHORTS!!!, yt silly clips (about games/movies etc)nista...,Ne spominji druge ljude po lošem NIKAD. Ne govori lijepo o sebi nikad.,
2023-03-02,Entry(timestamp=2023-03-02, value=-1),Entry(timestamp=2023-03-02, value=-1),Entry(timestamp=2023-03-02, value=-1),Entry(timestamp=2023-03-02, value=-1),Entry(timestamp=2023-03-02, value=-1),Entry(timestamp=2023-03-02, value=-1),Entry(timestamp=2023-03-02, value=-1),Entry(timestamp=2023-03-02, value=-1),Entry(timestamp=2023-03-02, value=-1),Entry(timestamp=2023-03-02, value=1),Entry(timestamp=2023-03-02, value=1),Entry(timestamp=2023-03-02, value=1),Entry(timestamp=2023-03-02, value=1),Entry(timestamp=2023-03-02, value=-1),Entry(timestamp=2023-03-02, value=-1),
2023-03-01,Entry(timestamp=2023-03-01, value=-1),Entry(timestamp=2023-03-01, value=2),Entry(timestamp=2023-03-01, value=2),Entry(timestamp=2023-03-01, value=2),Entry(timestamp=2023-03-01, value=2),Entry(timestamp=2023-03-01, value=2),Entry(timestamp=2023-03-01, value=2),Entry(timestamp=2023-03-01, value=2),Entry(timestamp=2023-03-01, value=-1),Entry(timestamp=2023-03-01, value=2),Entry(timestamp=2023-03-01, value=1),Entry(timestamp=2023-03-01, value=1),Entry(timestamp=2023-03-01, value=1),Entry(timestamp=2023-03-01, value=2),Entry(timestamp=2023-03-01, value=3),
2023-02-28,Entry(timestamp=2023-02-28, value=-1),Entry(timestamp=2023-02-28, value=2),Entry(timestamp=2023-02-28, value=2),Entry(timestamp=2023-02-28, value=2),Entry(timestamp=2023-02-28, value=2),Entry(timestamp=2023-02-28, value=-1),Entry(timestamp=2023-02-28, value=2),Entry(timestamp=2023-02-28, value=2),Entry(timestamp=2023-02-28, value=-1),Entry(timestamp=2023-02-28, value=2),Entry(timestamp=2023-02-28, value=1),Entry(timestamp=2023-02-28, value=1),Entry(timestamp=2023-02-28, value=1),Entry(timestamp=2023-02-28, value=2),Entry(timestamp=2023-02-28, value=2),
2023-02-27,Entry(timestamp=2023-02-27, value=2),Entry(timestamp=2023-02-27, value=2),Entry(timestamp=2023-02-27, value=2),Entry(timestamp=2023-02-27, value=2),Entry(timestamp=2023-02-27, value=2),Entry(timestamp=2023-02-27, value=-1),Entry(timestamp=2023-02-27, value=3),Entry(timestamp=2023-02-27, value=2),Entry(timestamp=2023-02-27, value=-1),Entry(timestamp=2023-02-27, value=2),Entry(timestamp=2023-02-27, value=1),Entry(timestamp=2023-02-27, value=1),Entry(timestamp=2023-02-27, value=1),Entry(timestamp=2023-02-27, value=2),Entry(timestamp=2023-02-27, value=0),
2023-02-26,Entry(timestamp=2023-02-26, value=0),Entry(timestamp=2023-02-26, value=2),Entry(timestamp=2023-02-26, value=2),Entry(timestamp=2023-02-26, value=2),Entry(timestamp=2023-02-26, value=-1),Entry(timestamp=2023-02-26, value=-1),Entry(timestamp=2023-02-26, value=2),Entry(timestamp=2023-02-26, value=2),Entry(timestamp=2023-02-26, value=1),Entry(timestamp=2023-02-26, value=3),Entry(timestamp=2023-02-26, value=1),Entry(timestamp=2023-02-26, value=2),Entry(timestamp=2023-02-26, value=1),Entry(timestamp=2023-02-26, value=2),Entry(timestamp=2023-02-26, value=0),
2023-02-25,Entry(timestamp=2023-02-25, value=2),Entry(timestamp=2023-02-25, value=2),Entry(timestamp=2023-02-25, value=2),Entry(timestamp=2023-02-25, value=2),Entry(timestamp=2023-02-25, value=-1),Entry(timestamp=2023-02-25, value=-1),Entry(timestamp=2023-02-25, value=2),Entry(timestamp=2023-02-25, value=2),Entry(timestamp=2023-02-25, value=1),Entry(timestamp=2023-02-25, value=2),Entry(timestamp=2023-02-25, value=1),Entry(timestamp=2023-02-25, value=2),Entry(timestamp=2023-02-25, value=1),Entry(timestamp=2023-02-25, value=2),Entry(timestamp=2023-02-25, value=2),
2023-02-24,Entry(timestamp=2023-02-24, value=-1),Entry(timestamp=2023-02-24, value=3),Entry(timestamp=2023-02-24, value=2),Entry(timestamp=2023-02-24, value=2),Entry(timestamp=2023-02-24, value=2),Entry(timestamp=2023-02-24, value=-1),Entry(timestamp=2023-02-24, value=2),Entry(timestamp=2023-02-24, value=2),Entry(timestamp=2023-02-24, value=1),Entry(timestamp=2023-02-24, value=1),Entry(timestamp=2023-02-24, value=2),Entry(timestamp=2023-02-24, value=2),Entry(timestamp=2023-02-24, value=1),Entry(timestamp=2023-02-24, value=2),Entry(timestamp=2023-02-24, value=2),
2023-02-23,Entry(timestamp=2023-02-23, value=-1),Entry(timestamp=2023-02-23, value=2),Entry(timestamp=2023-02-23, value=2),Entry(timestamp=2023-02-23, value=2),Entry(timestamp=2023-02-23, value=2),Entry(timestamp=2023-02-23, value=-1),Entry(timestamp=2023-02-23, value=2),Entry(timestamp=2023-02-23, value=2),Entry(timestamp=2023-02-23, value=1),Entry(timestamp=2023-02-23, value=2),Entry(timestamp=2023-02-23, value=1),Entry(timestamp=2023-02-23, value=1),Entry(timestamp=2023-02-23, value=1),Entry(timestamp=2023-02-23, value=2),Entry(timestamp=2023-02-23, value=2),
2023-02-22,Entry(timestamp=2023-02-22, value=-1),Entry(timestamp=2023-02-22, value=2),Entry(timestamp=2023-02-22, value=2),Entry(timestamp=2023-02-22, value=2),Entry(timestamp=2023-02-22, value=2),Entry(timestamp=2023-02-22, value=-1),Entry(timestamp=2023-02-22, value=2),Entry(timestamp=2023-02-22, value=2),Entry(timestamp=2023-02-22, value=1),Entry(timestamp=2023-02-22, value=1),Entry(timestamp=2023-02-22, value=1),Entry(timestamp=2023-02-22, value=1),Entry(timestamp=2023-02-22, value=1),Entry(timestamp=2023-02-22, value=2),Entry(timestamp=2023-02-22, value=2),
2023-02-21,Entry(timestamp=2023-02-21, value=-1),Entry(timestamp=2023-02-21, value=2),Entry(timestamp=2023-02-21, value=2),Entry(timestamp=2023-02-21, value=2),Entry(timestamp=2023-02-21, value=2),Entry(timestamp=2023-02-21, value=-1),Entry(timestamp=2023-02-21, value=2),Entry(timestamp=2023-02-21, value=2),Entry(timestamp=2023-02-21, value=1),Entry(timestamp=2023-02-21, value=1),Entry(timestamp=2023-02-21, value=1),Entry(timestamp=2023-02-21, value=1),Entry(timestamp=2023-02-21, value=1),Entry(timestamp=2023-02-21, value=2),Entry(timestamp=2023-02-21, value=3),
2023-02-20,Entry(timestamp=2023-02-20, value=-1),Entry(timestamp=2023-02-20, value=2),Entry(timestamp=2023-02-20, value=2),Entry(timestamp=2023-02-20, value=2),Entry(timestamp=2023-02-20, value=0),Entry(timestamp=2023-02-20, value=-1),Entry(timestamp=2023-02-20, value=2),Entry(timestamp=2023-02-20, value=2),Entry(timestamp=2023-02-20, value=2),Entry(timestamp=2023-02-20, value=1),Entry(timestamp=2023-02-20, value=1),Entry(timestamp=2023-02-20, value=2),Entry(timestamp=2023-02-20, value=1),Entry(timestamp=2023-02-20, value=3),Entry(timestamp=2023-02-20, value=0),
2023-02-19,Entry(timestamp=2023-02-19, value=-1),Entry(timestamp=2023-02-19, value=2),Entry(timestamp=2023-02-19, value=2),Entry(timestamp=2023-02-19, value=2),Entry(timestamp=2023-02-19, value=2),Entry(timestamp=2023-02-19, value=-1),Entry(timestamp=2023-02-19, value=2),Entry(timestamp=2023-02-19, value=2),Entry(timestamp=2023-02-19, value=1),Entry(timestamp=2023-02-19, value=2),Entry(timestamp=2023-02-19, value=1),Entry(timestamp=2023-02-19, value=1),Entry(timestamp=2023-02-19, value=1),Entry(timestamp=2023-02-19, value=2),Entry(timestamp=2023-02-19, value=2),
2023-02-18,Entry(timestamp=2023-02-18, value=-1),Entry(timestamp=2023-02-18, value=2),Entry(timestamp=2023-02-18, value=2),Entry(timestamp=2023-02-18, value=2),Entry(timestamp=2023-02-18, value=-1),Entry(timestamp=2023-02-18, value=-1),Entry(timestamp=2023-02-18, value=2),Entry(timestamp=2023-02-18, value=2),Entry(timestamp=2023-02-18, value=1),Entry(timestamp=2023-02-18, value=1),Entry(timestamp=2023-02-18, value=1),Entry(timestamp=2023-02-18, value=2),Entry(timestamp=2023-02-18, value=1),Entry(timestamp=2023-02-18, value=2),Entry(timestamp=2023-02-18, value=0),
2023-02-17,Entry(timestamp=2023-02-17, value=-1),Entry(timestamp=2023-02-17, value=2),Entry(timestamp=2023-02-17, value=2),Entry(timestamp=2023-02-17, value=2),Entry(timestamp=2023-02-17, value=2),Entry(timestamp=2023-02-17, value=-1),Entry(timestamp=2023-02-17, value=3),Entry(timestamp=2023-02-17, value=2),Entry(timestamp=2023-02-17, value=1),Entry(timestamp=2023-02-17, value=1),Entry(timestamp=2023-02-17, value=2),Entry(timestamp=2023-02-17, value=2),Entry(timestamp=2023-02-17, value=1),Entry(timestamp=2023-02-17, value=2),Entry(timestamp=2023-02-17, value=2),
2023-02-16,Entry(timestamp=2023-02-16, value=-1),Entry(timestamp=2023-02-16, value=2),Entry(timestamp=2023-02-16, value=2),Entry(timestamp=2023-02-16, value=2),Entry(timestamp=2023-02-16, value=2),Entry(timestamp=2023-02-16, value=-1),Entry(timestamp=2023-02-16, value=2),Entry(timestamp=2023-02-16, value=2),Entry(timestamp=2023-02-16, value=1),Entry(timestamp=2023-02-16, value=1),Entry(timestamp=2023-02-16, value=0),Entry(timestamp=2023-02-16, value=2),Entry(timestamp=2023-02-16, value=1),Entry(timestamp=2023-02-16, value=2),Entry(timestamp=2023-02-16, value=-1),
2023-02-15,Entry(timestamp=2023-02-15, value=2),Entry(timestamp=2023-02-15, value=2),Entry(timestamp=2023-02-15, value=2),Entry(timestamp=2023-02-15, value=2),Entry(timestamp=2023-02-15, value=2),Entry(timestamp=2023-02-15, value=-1),Entry(timestamp=2023-02-15, value=2),Entry(timestamp=2023-02-15, value=2),Entry(timestamp=2023-02-15, value=1),Entry(timestamp=2023-02-15, value=2),Entry(timestamp=2023-02-15, value=-1),Entry(timestamp=2023-02-15, value=1),Entry(timestamp=2023-02-15, value=1),Entry(timestamp=2023-02-15, value=2),Entry(timestamp=2023-02-15, value=0),
2023-02-14,Entry(timestamp=2023-02-14, value=-1),Entry(timestamp=2023-02-14, value=2),Entry(timestamp=2023-02-14, value=2),Entry(timestamp=2023-02-14, value=2),Entry(timestamp=2023-02-14, value=2),Entry(timestamp=2023-02-14, value=-1),Entry(timestamp=2023-02-14, value=2),Entry(timestamp=2023-02-14, value=2),Entry(timestamp=2023-02-14, value=1),Entry(timestamp=2023-02-14, value=2),Entry(timestamp=2023-02-14, value=-1),Entry(timestamp=2023-02-14, value=1),Entry(timestamp=2023-02-14, value=2),Entry(timestamp=2023-02-14, value=2),Entry(timestamp=2023-02-14, value=-1),
2023-02-13,Entry(timestamp=2023-02-13, value=-1),Entry(timestamp=2023-02-13, value=2),Entry(timestamp=2023-02-13, value=2),Entry(timestamp=2023-02-13, value=2),Entry(timestamp=2023-02-13, value=2),Entry(timestamp=2023-02-13, value=2),Entry(timestamp=2023-02-13, value=2),Entry(timestamp=2023-02-13, value=2),Entry(timestamp=2023-02-13, value=2),Entry(timestamp=2023-02-13, value=1),Entry(timestamp=2023-02-13, value=-1),Entry(timestamp=2023-02-13, value=2),Entry(timestamp=2023-02-13, value=-1),Entry(timestamp=2023-02-13, value=2),Entry(timestamp=2023-02-13, value=0),
2023-02-12,Entry(timestamp=2023-02-12, value=-1),Entry(timestamp=2023-02-12, value=2),Entry(timestamp=2023-02-12, value=2),Entry(timestamp=2023-02-12, value=2),Entry(timestamp=2023-02-12, value=2),Entry(timestamp=2023-02-12, value=2),Entry(timestamp=2023-02-12, value=2),Entry(timestamp=2023-02-12, value=2),Entry(timestamp=2023-02-12, value=1),Entry(timestamp=2023-02-12, value=2),Entry(timestamp=2023-02-12, value=-1),Entry(timestamp=2023-02-12, value=1),Entry(timestamp=2023-02-12, value=-1),Entry(timestamp=2023-02-12, value=2),Entry(timestamp=2023-02-12, value=-1),
2023-02-11,Entry(timestamp=2023-02-11, value=-1),Entry(timestamp=2023-02-11, value=2),Entry(timestamp=2023-02-11, value=2),Entry(timestamp=2023-02-11, value=2),Entry(timestamp=2023-02-11, value=-1),Entry(timestamp=2023-02-11, value=-1),Entry(timestamp=2023-02-11, value=2),Entry(timestamp=2023-02-11, value=2),Entry(timestamp=2023-02-11, value=1),Entry(timestamp=2023-02-11, value=2),Entry(timestamp=2023-02-11, value=-1),Entry(timestamp=2023-02-11, value=1),Entry(timestamp=2023-02-11, value=-1),Entry(timestamp=2023-02-11, value=2),Entry(timestamp=2023-02-11, value=-1),
2023-02-10,Entry(timestamp=2023-02-10, value=2),Entry(timestamp=2023-02-10, value=2),Entry(timestamp=2023-02-10, value=2),Entry(timestamp=2023-02-10, value=2),Entry(timestamp=2023-02-10, value=2),Entry(timestamp=2023-02-10, value=-1),Entry(timestamp=2023-02-10, value=2),Entry(timestamp=2023-02-10, value=2),Entry(timestamp=2023-02-10, value=1),Entry(timestamp=2023-02-10, value=1),Entry(timestamp=2023-02-10, value=-1),Entry(timestamp=2023-02-10, value=1),Entry(timestamp=2023-02-10, value=0),Entry(timestamp=2023-02-10, value=2),Entry(timestamp=2023-02-10, value=-1),
2023-02-09,Entry(timestamp=2023-02-09, value=-1),Entry(timestamp=2023-02-09, value=2),Entry(timestamp=2023-02-09, value=2),Entry(timestamp=2023-02-09, value=2),Entry(timestamp=2023-02-09, value=-1),Entry(timestamp=2023-02-09, value=2),Entry(timestamp=2023-02-09, value=2),Entry(timestamp=2023-02-09, value=2),Entry(timestamp=2023-02-09, value=1),Entry(timestamp=2023-02-09, value=1),Entry(timestamp=2023-02-09, value=1),Entry(timestamp=2023-02-09, value=1),Entry(timestamp=2023-02-09, value=-1),Entry(timestamp=2023-02-09, value=2),Entry(timestamp=2023-02-09, value=2),
2023-02-08,Entry(timestamp=2023-02-08, value=2),Entry(timestamp=2023-02-08, value=2),Entry(timestamp=2023-02-08, value=2),Entry(timestamp=2023-02-08, value=2),Entry(timestamp=2023-02-08, value=2),Entry(timestamp=2023-02-08, value=-1),Entry(timestamp=2023-02-08, value=-1),Entry(timestamp=2023-02-08, value=2),Entry(timestamp=2023-02-08, value=1),Entry(timestamp=2023-02-08, value=1),Entry(timestamp=2023-02-08, value=1),Entry(timestamp=2023-02-08, value=1),Entry(timestamp=2023-02-08, value=-1),Entry(timestamp=2023-02-08, value=2),Entry(timestamp=2023-02-08, value=-1),
2023-02-07,Entry(timestamp=2023-02-07, value=-1),Entry(timestamp=2023-02-07, value=2),Entry(timestamp=2023-02-07, value=2),Entry(timestamp=2023-02-07, value=2),Entry(timestamp=2023-02-07, value=-1),Entry(timestamp=2023-02-07, value=-1),Entry(timestamp=2023-02-07, value=2),Entry(timestamp=2023-02-07, value=2),Entry(timestamp=2023-02-07, value=1),Entry(timestamp=2023-02-07, value=-1),Entry(timestamp=2023-02-07, value=1),Entry(timestamp=2023-02-07, value=1),Entry(timestamp=2023-02-07, value=-1),Entry(timestamp=2023-02-07, value=2),Entry(timestamp=2023-02-07, value=-1),
2023-02-06,Entry(timestamp=2023-02-06, value=0),Entry(timestamp=2023-02-06, value=2),Entry(timestamp=2023-02-06, value=2),Entry(timestamp=2023-02-06, value=2),Entry(timestamp=2023-02-06, value=-1),Entry(timestamp=2023-02-06, value=2),Entry(timestamp=2023-02-06, value=-1),Entry(timestamp=2023-02-06, value=2),Entry(timestamp=2023-02-06, value=2),Entry(timestamp=2023-02-06, value=-1),Entry(timestamp=2023-02-06, value=1),Entry(timestamp=2023-02-06, value=2),Entry(timestamp=2023-02-06, value=-1),Entry(timestamp=2023-02-06, value=2),Entry(timestamp=2023-02-06, value=0),
2023-02-05,Entry(timestamp=2023-02-05, value=0),Entry(timestamp=2023-02-05, value=2),Entry(timestamp=2023-02-05, value=2),Entry(timestamp=2023-02-05, value=2),Entry(timestamp=2023-02-05, value=-1),Entry(timestamp=2023-02-05, value=2),Entry(timestamp=2023-02-05, value=-1),Entry(timestamp=2023-02-05, value=-1),Entry(timestamp=2023-02-05, value=-1),Entry(timestamp=2023-02-05, value=0),Entry(timestamp=2023-02-05, value=1),Entry(timestamp=2023-02-05, value=1),Entry(timestamp=2023-02-05, value=-1),Entry(timestamp=2023-02-05, value=0),Entry(timestamp=2023-02-05, value=-1),
2023-02-04,Entry(timestamp=2023-02-04, value=0),Entry(timestamp=2023-02-04, value=2),Entry(timestamp=2023-02-04, value=2),Entry(timestamp=2023-02-04, value=2),Entry(timestamp=2023-02-04, value=-1),Entry(timestamp=2023-02-04, value=2),Entry(timestamp=2023-02-04, value=-1),Entry(timestamp=2023-02-04, value=-1),Entry(timestamp=2023-02-04, value=-1),Entry(timestamp=2023-02-04, value=0),Entry(timestamp=2023-02-04, value=1),Entry(timestamp=2023-02-04, value=1),Entry(timestamp=2023-02-04, value=-1),Entry(timestamp=2023-02-04, value=-1),Entry(timestamp=2023-02-04, value=-1),
2023-02-03,Entry(timestamp=2023-02-03, value=0),Entry(timestamp=2023-02-03, value=2),Entry(timestamp=2023-02-03, value=2),Entry(timestamp=2023-02-03, value=2),Entry(timestamp=2023-02-03, value=-1),Entry(timestamp=2023-02-03, value=-1),Entry(timestamp=2023-02-03, value=-1),Entry(timestamp=2023-02-03, value=-1),Entry(timestamp=2023-02-03, value=-1),Entry(timestamp=2023-02-03, value=0),Entry(timestamp=2023-02-03, value=2),Entry(timestamp=2023-02-03, value=1),Entry(timestamp=2023-02-03, value=0),Entry(timestamp=2023-02-03, value=-1),Entry(timestamp=2023-02-03, value=-1),
2023-02-02,Entry(timestamp=2023-02-02, value=-1),Entry(timestamp=2023-02-02, value=2),Entry(timestamp=2023-02-02, value=2),Entry(timestamp=2023-02-02, value=2),Entry(timestamp=2023-02-02, value=-1),Entry(timestamp=2023-02-02, value=-1),Entry(timestamp=2023-02-02, value=-1),Entry(timestamp=2023-02-02, value=-1),Entry(timestamp=2023-02-02, value=-1),Entry(timestamp=2023-02-02, value=-1),Entry(timestamp=2023-02-02, value=-1),Entry(timestamp=2023-02-02, value=1),Entry(timestamp=2023-02-02, value=-1),Entry(timestamp=2023-02-02, value=-1),Entry(timestamp=2023-02-02, value=-1),
2023-02-01,Entry(timestamp=2023-02-01, value=-1),Entry(timestamp=2023-02-01, value=2),Entry(timestamp=2023-02-01, value=2),Entry(timestamp=2023-02-01, value=2),Entry(timestamp=2023-02-01, value=-1),Entry(timestamp=2023-02-01, value=-1),Entry(timestamp=2023-02-01, value=-1),Entry(timestamp=2023-02-01, value=-1),Entry(timestamp=2023-02-01, value=-1),Entry(timestamp=2023-02-01, value=-1),Entry(timestamp=2023-02-01, value=-1),Entry(timestamp=2023-02-01, value=1),Entry(timestamp=2023-02-01, value=-1),Entry(timestamp=2023-02-01, value=-1),Entry(timestamp=2023-02-01, value=-1),
2023-01-31,Entry(timestamp=2023-01-31, value=-1),Entry(timestamp=2023-01-31, value=2),Entry(timestamp=2023-01-31, value=2),Entry(timestamp=2023-01-31, value=2),Entry(timestamp=2023-01-31, value=-1),Entry(timestamp=2023-01-31, value=-1),Entry(timestamp=2023-01-31, value=-1),Entry(timestamp=2023-01-31, value=-1),Entry(timestamp=2023-01-31, value=-1),Entry(timestamp=2023-01-31, value=-1),Entry(timestamp=2023-01-31, value=-1),Entry(timestamp=2023-01-31, value=1),Entry(timestamp=2023-01-31, value=-1),Entry(timestamp=2023-01-31, value=-1),Entry(timestamp=2023-01-31, value=-1),
2023-01-30,Entry(timestamp=2023-01-30, value=-1),Entry(timestamp=2023-01-30, value=2),Entry(timestamp=2023-01-30, value=2),Entry(timestamp=2023-01-30, value=2),Entry(timestamp=2023-01-30, value=-1),Entry(timestamp=2023-01-30, value=-1),Entry(timestamp=2023-01-30, value=-1),Entry(timestamp=2023-01-30, value=-1),Entry(timestamp=2023-01-30, value=-1),Entry(timestamp=2023-01-30, value=-1),Entry(timestamp=2023-01-30, value=-1),Entry(timestamp=2023-01-30, value=-1),Entry(timestamp=2023-01-30, value=-1),Entry(timestamp=2023-01-30, value=-1),Entry(timestamp=2023-01-30, value=-1),
2023-01-29,Entry(timestamp=2023-01-29, value=-1),Entry(timestamp=2023-01-29, value=2),Entry(timestamp=2023-01-29, value=2),Entry(timestamp=2023-01-29, value=2),Entry(timestamp=2023-01-29, value=-1),Entry(timestamp=2023-01-29, value=-1),Entry(timestamp=2023-01-29, value=-1),Entry(timestamp=2023-01-29, value=-1),Entry(timestamp=2023-01-29, value=-1),Entry(timestamp=2023-01-29, value=-1),Entry(timestamp=2023-01-29, value=-1),Entry(timestamp=2023-01-29, value=-1),Entry(timestamp=2023-01-29, value=-1),Entry(timestamp=2023-01-29, value=-1),Entry(timestamp=2023-01-29, value=-1),
2023-01-28,Entry(timestamp=2023-01-28, value=-1),Entry(timestamp=2023-01-28, value=2),Entry(timestamp=2023-01-28, value=2),Entry(timestamp=2023-01-28, value=2),Entry(timestamp=2023-01-28, value=-1),Entry(timestamp=2023-01-28, value=-1),Entry(timestamp=2023-01-28, value=-1),Entry(timestamp=2023-01-28, value=-1),Entry(timestamp=2023-01-28, value=-1),Entry(timestamp=2023-01-28, value=-1),Entry(timestamp=2023-01-28, value=-1),Entry(timestamp=2023-01-28, value=-1),Entry(timestamp=2023-01-28, value=-1),Entry(timestamp=2023-01-28, value=-1),Entry(timestamp=2023-01-28, value=-1),
2023-01-27,Entry(timestamp=2023-01-27, value=-1),Entry(timestamp=2023-01-27, value=2),Entry(timestamp=2023-01-27, value=2),Entry(timestamp=2023-01-27, value=2),Entry(timestamp=2023-01-27, value=-1),Entry(timestamp=2023-01-27, value=-1),Entry(timestamp=2023-01-27, value=-1),Entry(timestamp=2023-01-27, value=-1),Entry(timestamp=2023-01-27, value=-1),Entry(timestamp=2023-01-27, value=-1),Entry(timestamp=2023-01-27, value=-1),Entry(timestamp=2023-01-27, value=-1),Entry(timestamp=2023-01-27, value=-1),Entry(timestamp=2023-01-27, value=-1),Entry(timestamp=2023-01-27, value=-1),
2023-01-26,Entry(timestamp=2023-01-26, value=-1),Entry(timestamp=2023-01-26, value=2),Entry(timestamp=2023-01-26, value=2),Entry(timestamp=2023-01-26, value=2),Entry(timestamp=2023-01-26, value=-1),Entry(timestamp=2023-01-26, value=-1),Entry(timestamp=2023-01-26, value=-1),Entry(timestamp=2023-01-26, value=-1),Entry(timestamp=2023-01-26, value=-1),Entry(timestamp=2023-01-26, value=-1),Entry(timestamp=2023-01-26, value=-1),Entry(timestamp=2023-01-26, value=-1),Entry(timestamp=2023-01-26, value=-1),Entry(timestamp=2023-01-26, value=-1),Entry(timestamp=2023-01-26, value=-1),
2023-01-25,Entry(timestamp=2023-01-25, value=-1),Entry(timestamp=2023-01-25, value=2),Entry(timestamp=2023-01-25, value=2),Entry(timestamp=2023-01-25, value=2),Entry(timestamp=2023-01-25, value=-1),Entry(timestamp=2023-01-25, value=-1),Entry(timestamp=2023-01-25, value=-1),Entry(timestamp=2023-01-25, value=-1),Entry(timestamp=2023-01-25, value=-1),Entry(timestamp=2023-01-25, value=-1),Entry(timestamp=2023-01-25, value=-1),Entry(timestamp=2023-01-25, value=-1),Entry(timestamp=2023-01-25, value=-1),Entry(timestamp=2023-01-25, value=-1),Entry(timestamp=2023-01-25, value=-1),
2023-01-24,Entry(timestamp=2023-01-24, value=-1),Entry(timestamp=2023-01-24, value=2),Entry(timestamp=2023-01-24, value=2),Entry(timestamp=2023-01-24, value=2),Entry(timestamp=2023-01-24, value=-1),Entry(timestamp=2023-01-24, value=-1),Entry(timestamp=2023-01-24, value=-1),Entry(timestamp=2023-01-24, value=-1),Entry(timestamp=2023-01-24, value=-1),Entry(timestamp=2023-01-24, value=-1),Entry(timestamp=2023-01-24, value=-1),Entry(timestamp=2023-01-24, value=-1),Entry(timestamp=2023-01-24, value=-1),Entry(timestamp=2023-01-24, value=-1),Entry(timestamp=2023-01-24, value=-1),
2023-01-23,Entry(timestamp=2023-01-23, value=-1),Entry(timestamp=2023-01-23, value=2),Entry(timestamp=2023-01-23, value=2),Entry(timestamp=2023-01-23, value=2),Entry(timestamp=2023-01-23, value=-1),Entry(timestamp=2023-01-23, value=-1),Entry(timestamp=2023-01-23, value=-1),Entry(timestamp=2023-01-23, value=-1),Entry(timestamp=2023-01-23, value=-1),Entry(timestamp=2023-01-23, value=-1),Entry(timestamp=2023-01-23, value=-1),Entry(timestamp=2023-01-23, value=-1),Entry(timestamp=2023-01-23, value=-1),Entry(timestamp=2023-01-23, value=-1),Entry(timestamp=2023-01-23, value=-1),
2023-01-22,Entry(timestamp=2023-01-22, value=-1),Entry(timestamp=2023-01-22, value=2),Entry(timestamp=2023-01-22, value=2),Entry(timestamp=2023-01-22, value=2),Entry(timestamp=2023-01-22, value=-1),Entry(timestamp=2023-01-22, value=-1),Entry(timestamp=2023-01-22, value=-1),Entry(timestamp=2023-01-22, value=-1),Entry(timestamp=2023-01-22, value=-1),Entry(timestamp=2023-01-22, value=-1),Entry(timestamp=2023-01-22, value=-1),Entry(timestamp=2023-01-22, value=-1),Entry(timestamp=2023-01-22, value=-1),Entry(timestamp=2023-01-22, value=-1),Entry(timestamp=2023-01-22, value=-1),
2023-01-21,Entry(timestamp=2023-01-21, value=-1),Entry(timestamp=2023-01-21, value=2),Entry(timestamp=2023-01-21, value=2),Entry(timestamp=2023-01-21, value=2),Entry(timestamp=2023-01-21, value=-1),Entry(timestamp=2023-01-21, value=-1),Entry(timestamp=2023-01-21, value=-1),Entry(timestamp=2023-01-21, value=-1),Entry(timestamp=2023-01-21, value=-1),Entry(timestamp=2023-01-21, value=-1),Entry(timestamp=2023-01-21, value=-1),Entry(timestamp=2023-01-21, value=-1),Entry(timestamp=2023-01-21, value=-1),Entry(timestamp=2023-01-21, value=-1),Entry(timestamp=2023-01-21, value=-1),
2023-01-20,Entry(timestamp=2023-01-20, value=-1),Entry(timestamp=2023-01-20, value=2),Entry(timestamp=2023-01-20, value=2),Entry(timestamp=2023-01-20, value=2),Entry(timestamp=2023-01-20, value=-1),Entry(timestamp=2023-01-20, value=-1),Entry(timestamp=2023-01-20, value=-1),Entry(timestamp=2023-01-20, value=-1),Entry(timestamp=2023-01-20, value=-1),Entry(timestamp=2023-01-20, value=-1),Entry(timestamp=2023-01-20, value=-1),Entry(timestamp=2023-01-20, value=-1),Entry(timestamp=2023-01-20, value=-1),Entry(timestamp=2023-01-20, value=-1),Entry(timestamp=2023-01-20, value=-1),
2023-01-19,Entry(timestamp=2023-01-19, value=-1),Entry(timestamp=2023-01-19, value=2),Entry(timestamp=2023-01-19, value=2),Entry(timestamp=2023-01-19, value=2),Entry(timestamp=2023-01-19, value=-1),Entry(timestamp=2023-01-19, value=-1),Entry(timestamp=2023-01-19, value=-1),Entry(timestamp=2023-01-19, value=-1),Entry(timestamp=2023-01-19, value=-1),Entry(timestamp=2023-01-19, value=-1),Entry(timestamp=2023-01-19, value=-1),Entry(timestamp=2023-01-19, value=-1),Entry(timestamp=2023-01-19, value=-1),Entry(timestamp=2023-01-19, value=-1),Entry(timestamp=2023-01-19, value=-1),
2023-01-18,Entry(timestamp=2023-01-18, value=-1),Entry(timestamp=2023-01-18, value=2),Entry(timestamp=2023-01-18, value=2),Entry(timestamp=2023-01-18, value=2),Entry(timestamp=2023-01-18, value=-1),Entry(timestamp=2023-01-18, value=-1),Entry(timestamp=2023-01-18, value=-1),Entry(timestamp=2023-01-18, value=-1),Entry(timestamp=2023-01-18, value=-1),Entry(timestamp=2023-01-18, value=-1),Entry(timestamp=2023-01-18, value=-1),Entry(timestamp=2023-01-18, value=-1),Entry(timestamp=2023-01-18, value=-1),Entry(timestamp=2023-01-18, value=-1),Entry(timestamp=2023-01-18, value=-1),
2023-01-17,Entry(timestamp=2023-01-17, value=-1),Entry(timestamp=2023-01-17, value=2),Entry(timestamp=2023-01-17, value=2),Entry(timestamp=2023-01-17, value=2),Entry(timestamp=2023-01-17, value=-1),Entry(timestamp=2023-01-17, value=-1),Entry(timestamp=2023-01-17, value=-1),Entry(timestamp=2023-01-17, value=-1),Entry(timestamp=2023-01-17, value=-1),Entry(timestamp=2023-01-17, value=-1),Entry(timestamp=2023-01-17, value=-1),Entry(timestamp=2023-01-17, value=-1),Entry(timestamp=2023-01-17, value=-1),Entry(timestamp=2023-01-17, value=-1),Entry(timestamp=2023-01-17, value=-1),
2023-01-16,Entry(timestamp=2023-01-16, value=-1),Entry(timestamp=2023-01-16, value=2),Entry(timestamp=2023-01-16, value=2),Entry(timestamp=2023-01-16, value=2),Entry(timestamp=2023-01-16, value=-1),Entry(timestamp=2023-01-16, value=-1),Entry(timestamp=2023-01-16, value=-1),Entry(timestamp=2023-01-16, value=-1),Entry(timestamp=2023-01-16, value=-1),Entry(timestamp=2023-01-16, value=-1),Entry(timestamp=2023-01-16, value=-1),Entry(timestamp=2023-01-16, value=-1),Entry(timestamp=2023-01-16, value=-1),Entry(timestamp=2023-01-16, value=-1),Entry(timestamp=2023-01-16, value=-1),
2023-01-15,Entry(timestamp=2023-01-15, value=-1),Entry(timestamp=2023-01-15, value=2),Entry(timestamp=2023-01-15, value=2),Entry(timestamp=2023-01-15, value=2),Entry(timestamp=2023-01-15, value=-1),Entry(timestamp=2023-01-15, value=-1),Entry(timestamp=2023-01-15, value=-1),Entry(timestamp=2023-01-15, value=-1),Entry(timestamp=2023-01-15, value=-1),Entry(timestamp=2023-01-15, value=-1),Entry(timestamp=2023-01-15, value=-1),Entry(timestamp=2023-01-15, value=-1),Entry(timestamp=2023-01-15, value=-1),Entry(timestamp=2023-01-15, value=-1),Entry(timestamp=2023-01-15, value=-1),
2023-01-14,Entry(timestamp=2023-01-14, value=-1),Entry(timestamp=2023-01-14, value=2),Entry(timestamp=2023-01-14, value=2),Entry(timestamp=2023-01-14, value=2),Entry(timestamp=2023-01-14, value=-1),Entry(timestamp=2023-01-14, value=-1),Entry(timestamp=2023-01-14, value=-1),Entry(timestamp=2023-01-14, value=-1),Entry(timestamp=2023-01-14, value=-1),Entry(timestamp=2023-01-14, value=-1),Entry(timestamp=2023-01-14, value=-1),Entry(timestamp=2023-01-14, value=-1),Entry(timestamp=2023-01-14, value=-1),Entry(timestamp=2023-01-14, value=-1),Entry(timestamp=2023-01-14, value=-1),
2023-01-13,Entry(timestamp=2023-01-13, value=-1),Entry(timestamp=2023-01-13, value=2),Entry(timestamp=2023-01-13, value=2),Entry(timestamp=2023-01-13, value=2),Entry(timestamp=2023-01-13, value=-1),Entry(timestamp=2023-01-13, value=-1),Entry(timestamp=2023-01-13, value=-1),Entry(timestamp=2023-01-13, value=-1),Entry(timestamp=2023-01-13, value=-1),Entry(timestamp=2023-01-13, value=-1),Entry(timestamp=2023-01-13, value=-1),Entry(timestamp=2023-01-13, value=-1),Entry(timestamp=2023-01-13, value=-1),Entry(timestamp=2023-01-13, value=-1),Entry(timestamp=2023-01-13, value=-1),
2023-01-12,Entry(timestamp=2023-01-12, value=-1),Entry(timestamp=2023-01-12, value=2),Entry(timestamp=2023-01-12, value=2),Entry(timestamp=2023-01-12, value=2),Entry(timestamp=2023-01-12, value=-1),Entry(timestamp=2023-01-12, value=-1),Entry(timestamp=2023-01-12, value=-1),Entry(timestamp=2023-01-12, value=-1),Entry(timestamp=2023-01-12, value=-1),Entry(timestamp=2023-01-12, value=-1),Entry(timestamp=2023-01-12, value=-1),Entry(timestamp=2023-01-12, value=-1),Entry(timestamp=2023-01-12, value=-1),Entry(timestamp=2023-01-12, value=-1),Entry(timestamp=2023-01-12, value=-1),
2023-01-11,Entry(timestamp=2023-01-11, value=-1),Entry(timestamp=2023-01-11, value=2),Entry(timestamp=2023-01-11, value=2),Entry(timestamp=2023-01-11, value=2),Entry(timestamp=2023-01-11, value=-1),Entry(timestamp=2023-01-11, value=-1),Entry(timestamp=2023-01-11, value=-1),Entry(timestamp=2023-01-11, value=-1),Entry(timestamp=2023-01-11, value=-1),Entry(timestamp=2023-01-11, value=-1),Entry(timestamp=2023-01-11, value=-1),Entry(timestamp=2023-01-11, value=-1),Entry(timestamp=2023-01-11, value=-1),Entry(timestamp=2023-01-11, value=-1),Entry(timestamp=2023-01-11, value=-1),
2023-01-10,Entry(timestamp=2023-01-10, value=-1),Entry(timestamp=2023-01-10, value=2),Entry(timestamp=2023-01-10, value=2),Entry(timestamp=2023-01-10, value=2),Entry(timestamp=2023-01-10, value=-1),Entry(timestamp=2023-01-10, value=-1),Entry(timestamp=2023-01-10, value=-1),Entry(timestamp=2023-01-10, value=-1),Entry(timestamp=2023-01-10, value=-1),Entry(timestamp=2023-01-10, value=-1),Entry(timestamp=2023-01-10, value=-1),Entry(timestamp=2023-01-10, value=-1),Entry(timestamp=2023-01-10, value=-1),Entry(timestamp=2023-01-10, value=-1),Entry(timestamp=2023-01-10, value=-1),
2023-01-09,Entry(timestamp=2023-01-09, value=-1),Entry(timestamp=2023-01-09, value=2),Entry(timestamp=2023-01-09, value=2),Entry(timestamp=2023-01-09, value=2),Entry(timestamp=2023-01-09, value=-1),Entry(timestamp=2023-01-09, value=-1),Entry(timestamp=2023-01-09, value=-1),Entry(timestamp=2023-01-09, value=-1),Entry(timestamp=2023-01-09, value=-1),Entry(timestamp=2023-01-09, value=-1),Entry(timestamp=2023-01-09, value=-1),Entry(timestamp=2023-01-09, value=-1),Entry(timestamp=2023-01-09, value=-1),Entry(timestamp=2023-01-09, value=-1),Entry(timestamp=2023-01-09, value=-1),
2023-01-08,Entry(timestamp=2023-01-08, value=-1),Entry(timestamp=2023-01-08, value=2),Entry(timestamp=2023-01-08, value=2),Entry(timestamp=2023-01-08, value=2),Entry(timestamp=2023-01-08, value=-1),Entry(timestamp=2023-01-08, value=-1),Entry(timestamp=2023-01-08, value=-1),Entry(timestamp=2023-01-08, value=-1),Entry(timestamp=2023-01-08, value=-1),Entry(timestamp=2023-01-08, value=-1),Entry(timestamp=2023-01-08, value=-1),Entry(timestamp=2023-01-08, value=-1),Entry(timestamp=2023-01-08, value=-1),Entry(timestamp=2023-01-08, value=-1),Entry(timestamp=2023-01-08, value=-1),
2023-01-07,Entry(timestamp=2023-01-07, value=-1),Entry(timestamp=2023-01-07, value=2),Entry(timestamp=2023-01-07, value=2),Entry(timestamp=2023-01-07, value=2),Entry(timestamp=2023-01-07, value=-1),Entry(timestamp=2023-01-07, value=-1),Entry(timestamp=2023-01-07, value=-1),Entry(timestamp=2023-01-07, value=-1),Entry(timestamp=2023-01-07, value=-1),Entry(timestamp=2023-01-07, value=-1),Entry(timestamp=2023-01-07, value=-1),Entry(timestamp=2023-01-07, value=-1),Entry(timestamp=2023-01-07, value=-1),Entry(timestamp=2023-01-07, value=-1),Entry(timestamp=2023-01-07, value=-1),
2023-01-06,Entry(timestamp=2023-01-06, value=-1),Entry(timestamp=2023-01-06, value=2),Entry(timestamp=2023-01-06, value=2),Entry(timestamp=2023-01-06, value=2),Entry(timestamp=2023-01-06, value=-1),Entry(timestamp=2023-01-06, value=-1),Entry(timestamp=2023-01-06, value=-1),Entry(timestamp=2023-01-06, value=-1),Entry(timestamp=2023-01-06, value=-1),Entry(timestamp=2023-01-06, value=-1),Entry(timestamp=2023-01-06, value=-1),Entry(timestamp=2023-01-06, value=-1),Entry(timestamp=2023-01-06, value=-1),Entry(timestamp=2023-01-06, value=-1),Entry(timestamp=2023-01-06, value=-1),
2023-01-05,Entry(timestamp=2023-01-05, value=-1),Entry(timestamp=2023-01-05, value=2),Entry(timestamp=2023-01-05, value=2),Entry(timestamp=2023-01-05, value=2),Entry(timestamp=2023-01-05, value=-1),Entry(timestamp=2023-01-05, value=-1),Entry(timestamp=2023-01-05, value=-1),Entry(timestamp=2023-01-05, value=-1),Entry(timestamp=2023-01-05, value=-1),Entry(timestamp=2023-01-05, value=-1),Entry(timestamp=2023-01-05, value=-1),Entry(timestamp=2023-01-05, value=-1),Entry(timestamp=2023-01-05, value=-1),Entry(timestamp=2023-01-05, value=-1),Entry(timestamp=2023-01-05, value=-1),
2023-01-04,Entry(timestamp=2023-01-04, value=-1),Entry(timestamp=2023-01-04, value=2),Entry(timestamp=2023-01-04, value=2),Entry(timestamp=2023-01-04, value=2),Entry(timestamp=2023-01-04, value=-1),Entry(timestamp=2023-01-04, value=-1),Entry(timestamp=2023-01-04, value=-1),Entry(timestamp=2023-01-04, value=-1),Entry(timestamp=2023-01-04, value=-1),Entry(timestamp=2023-01-04, value=-1),Entry(timestamp=2023-01-04, value=-1),Entry(timestamp=2023-01-04, value=-1),Entry(timestamp=2023-01-04, value=-1),Entry(timestamp=2023-01-04, value=-1),Entry(timestamp=2023-01-04, value=-1),
2023-01-03,Entry(timestamp=2023-01-03, value=-1),Entry(timestamp=2023-01-03, value=2),Entry(timestamp=2023-01-03, value=2),Entry(timestamp=2023-01-03, value=2),Entry(timestamp=2023-01-03, value=-1),Entry(timestamp=2023-01-03, value=-1),Entry(timestamp=2023-01-03, value=-1),Entry(timestamp=2023-01-03, value=-1),Entry(timestamp=2023-01-03, value=-1),Entry(timestamp=2023-01-03, value=-1),Entry(timestamp=2023-01-03, value=-1),Entry(timestamp=2023-01-03, value=-1),Entry(timestamp=2023-01-03, value=-1),Entry(timestamp=2023-01-03, value=-1),Entry(timestamp=2023-01-03, value=-1),
2023-01-02,Entry(timestamp=2023-01-02, value=-1),Entry(timestamp=2023-01-02, value=2),Entry(timestamp=2023-01-02, value=2),Entry(timestamp=2023-01-02, value=2),Entry(timestamp=2023-01-02, value=-1),Entry(timestamp=2023-01-02, value=-1),Entry(timestamp=2023-01-02, value=-1),Entry(timestamp=2023-01-02, value=-1),Entry(timestamp=2023-01-02, value=-1),Entry(timestamp=2023-01-02, value=-1),Entry(timestamp=2023-01-02, value=-1),Entry(timestamp=2023-01-02, value=-1),Entry(timestamp=2023-01-02, value=-1),Entry(timestamp=2023-01-02, value=-1),Entry(timestamp=2023-01-02, value=-1),
2023-01-01,Entry(timestamp=2023-01-01, value=-1),Entry(timestamp=2023-01-01, value=2),Entry(timestamp=2023-01-01, value=2),Entry(timestamp=2023-01-01, value=2),Entry(timestamp=2023-01-01, value=-1),Entry(timestamp=2023-01-01, value=-1),Entry(timestamp=2023-01-01, value=-1),Entry(timestamp=2023-01-01, value=-1),Entry(timestamp=2023-01-01, value=-1),Entry(timestamp=2023-01-01, value=-1),Entry(timestamp=2023-01-01, value=-1),Entry(timestamp=2023-01-01, value=-1),Entry(timestamp=2023-01-01, value=-1),Entry(timestamp=2023-01-01, value=-1),Entry(timestamp=2023-01-01, value=-1),
2022-12-31,Entry(timestamp=2022-12-31, value=-1),Entry(timestamp=2022-12-31, value=2),Entry(timestamp=2022-12-31, value=2),Entry(timestamp=2022-12-31, value=2),Entry(timestamp=2022-12-31, value=-1),Entry(timestamp=2022-12-31, value=-1),Entry(timestamp=2022-12-31, value=-1),Entry(timestamp=2022-12-31, value=-1),Entry(timestamp=2022-12-31, value=-1),Entry(timestamp=2022-12-31, value=-1),Entry(timestamp=2022-12-31, value=-1),Entry(timestamp=2022-12-31, value=-1),Entry(timestamp=2022-12-31, value=-1),Entry(timestamp=2022-12-31, value=-1),Entry(timestamp=2022-12-31, value=-1),
2022-12-30,Entry(timestamp=2022-12-30, value=-1),Entry(timestamp=2022-12-30, value=2),Entry(timestamp=2022-12-30, value=2),Entry(timestamp=2022-12-30, value=2),Entry(timestamp=2022-12-30, value=-1),Entry(timestamp=2022-12-30, value=-1),Entry(timestamp=2022-12-30, value=-1),Entry(timestamp=2022-12-30, value=-1),Entry(timestamp=2022-12-30, value=-1),Entry(timestamp=2022-12-30, value=-1),Entry(timestamp=2022-12-30, value=-1),Entry(timestamp=2022-12-30, value=-1),Entry(timestamp=2022-12-30, value=-1),Entry(timestamp=2022-12-30, value=-1),Entry(timestamp=2022-12-30, value=-1),
2022-12-29,Entry(timestamp=2022-12-29, value=-1),Entry(timestamp=2022-12-29, value=2),Entry(timestamp=2022-12-29, value=2),Entry(timestamp=2022-12-29, value=2),Entry(timestamp=2022-12-29, value=-1),Entry(timestamp=2022-12-29, value=-1),Entry(timestamp=2022-12-29, value=-1),Entry(timestamp=2022-12-29, value=-1),Entry(timestamp=2022-12-29, value=-1),Entry(timestamp=2022-12-29, value=-1),Entry(timestamp=2022-12-29, value=-1),Entry(timestamp=2022-12-29, value=-1),Entry(timestamp=2022-12-29, value=-1),Entry(timestamp=2022-12-29, value=-1),Entry(timestamp=2022-12-29, value=-1),
2022-12-28,Entry(timestamp=2022-12-28, value=-1),Entry(timestamp=2022-12-28, value=2),Entry(timestamp=2022-12-28, value=2),Entry(timestamp=2022-12-28, value=2),Entry(timestamp=2022-12-28, value=-1),Entry(timestamp=2022-12-28, value=-1),Entry(timestamp=2022-12-28, value=-1),Entry(timestamp=2022-12-28, value=-1),Entry(timestamp=2022-12-28, value=-1),Entry(timestamp=2022-12-28, value=-1),Entry(timestamp=2022-12-28, value=-1),Entry(timestamp=2022-12-28, value=-1),Entry(timestamp=2022-12-28, value=-1),Entry(timestamp=2022-12-28, value=-1),Entry(timestamp=2022-12-28, value=-1),
2022-12-27,Entry(timestamp=2022-12-27, value=-1),Entry(timestamp=2022-12-27, value=2),Entry(timestamp=2022-12-27, value=2),Entry(timestamp=2022-12-27, value=2),Entry(timestamp=2022-12-27, value=-1),Entry(timestamp=2022-12-27, value=-1),Entry(timestamp=2022-12-27, value=-1),Entry(timestamp=2022-12-27, value=-1),Entry(timestamp=2022-12-27, value=-1),Entry(timestamp=2022-12-27, value=-1),Entry(timestamp=2022-12-27, value=-1),Entry(timestamp=2022-12-27, value=-1),Entry(timestamp=2022-12-27, value=-1),Entry(timestamp=2022-12-27, value=-1),Entry(timestamp=2022-12-27, value=-1),
2022-12-26,Entry(timestamp=2022-12-26, value=-1),Entry(timestamp=2022-12-26, value=2),Entry(timestamp=2022-12-26, value=2),Entry(timestamp=2022-12-26, value=2),Entry(timestamp=2022-12-26, value=-1),Entry(timestamp=2022-12-26, value=-1),Entry(timestamp=2022-12-26, value=-1),Entry(timestamp=2022-12-26, value=-1),Entry(timestamp=2022-12-26, value=-1),Entry(timestamp=2022-12-26, value=-1),Entry(timestamp=2022-12-26, value=-1),Entry(timestamp=2022-12-26, value=-1),Entry(timestamp=2022-12-26, value=-1),Entry(timestamp=2022-12-26, value=-1),Entry(timestamp=2022-12-26, value=-1),
2022-12-25,Entry(timestamp=2022-12-25, value=-1),Entry(timestamp=2022-12-25, value=2),Entry(timestamp=2022-12-25, value=2),Entry(timestamp=2022-12-25, value=2),Entry(timestamp=2022-12-25, value=-1),Entry(timestamp=2022-12-25, value=-1),Entry(timestamp=2022-12-25, value=-1),Entry(timestamp=2022-12-25, value=-1),Entry(timestamp=2022-12-25, value=-1),Entry(timestamp=2022-12-25, value=-1),Entry(timestamp=2022-12-25, value=-1),Entry(timestamp=2022-12-25, value=-1),Entry(timestamp=2022-12-25, value=-1),Entry(timestamp=2022-12-25, value=-1),Entry(timestamp=2022-12-25, value=-1),
2022-12-24,Entry(timestamp=2022-12-24, value=-1),Entry(timestamp=2022-12-24, value=2),Entry(timestamp=2022-12-24, value=2),Entry(timestamp=2022-12-24, value=2),Entry(timestamp=2022-12-24, value=-1),Entry(timestamp=2022-12-24, value=-1),Entry(timestamp=2022-12-24, value=-1),Entry(timestamp=2022-12-24, value=-1),Entry(timestamp=2022-12-24, value=-1),Entry(timestamp=2022-12-24, value=-1),Entry(timestamp=2022-12-24, value=-1),Entry(timestamp=2022-12-24, value=-1),Entry(timestamp=2022-12-24, value=-1),Entry(timestamp=2022-12-24, value=-1),Entry(timestamp=2022-12-24, value=-1),
2022-12-23,Entry(timestamp=2022-12-23, value=-1),Entry(timestamp=2022-12-23, value=2),Entry(timestamp=2022-12-23, value=2),Entry(timestamp=2022-12-23, value=2),Entry(timestamp=2022-12-23, value=-1),Entry(timestamp=2022-12-23, value=-1),Entry(timestamp=2022-12-23, value=-1),Entry(timestamp=2022-12-23, value=-1),Entry(timestamp=2022-12-23, value=-1),Entry(timestamp=2022-12-23, value=-1),Entry(timestamp=2022-12-23, value=-1),Entry(timestamp=2022-12-23, value=-1),Entry(timestamp=2022-12-23, value=-1),Entry(timestamp=2022-12-23, value=-1),Entry(timestamp=2022-12-23, value=-1),
2022-12-22,Entry(timestamp=2022-12-22, value=-1),Entry(timestamp=2022-12-22, value=2),Entry(timestamp=2022-12-22, value=2),Entry(timestamp=2022-12-22, value=2),Entry(timestamp=2022-12-22, value=-1),Entry(timestamp=2022-12-22, value=-1),Entry(timestamp=2022-12-22, value=-1),Entry(timestamp=2022-12-22, value=-1),Entry(timestamp=2022-12-22, value=-1),Entry(timestamp=2022-12-22, value=-1),Entry(timestamp=2022-12-22, value=-1),Entry(timestamp=2022-12-22, value=-1),Entry(timestamp=2022-12-22, value=-1),Entry(timestamp=2022-12-22, value=-1),Entry(timestamp=2022-12-22, value=-1),
2022-12-21,Entry(timestamp=2022-12-21, value=-1),Entry(timestamp=2022-12-21, value=2),Entry(timestamp=2022-12-21, value=2),Entry(timestamp=2022-12-21, value=2),Entry(timestamp=2022-12-21, value=-1),Entry(timestamp=2022-12-21, value=-1),Entry(timestamp=2022-12-21, value=-1),Entry(timestamp=2022-12-21, value=-1),Entry(timestamp=2022-12-21, value=-1),Entry(timestamp=2022-12-21, value=-1),Entry(timestamp=2022-12-21, value=-1),Entry(timestamp=2022-12-21, value=-1),Entry(timestamp=2022-12-21, value=-1),Entry(timestamp=2022-12-21, value=-1),Entry(timestamp=2022-12-21, value=-1),
2022-12-20,Entry(timestamp=2022-12-20, value=-1),Entry(timestamp=2022-12-20, value=2),Entry(timestamp=2022-12-20, value=2),Entry(timestamp=2022-12-20, value=2),Entry(timestamp=2022-12-20, value=-1),Entry(timestamp=2022-12-20, value=-1),Entry(timestamp=2022-12-20, value=-1),Entry(timestamp=2022-12-20, value=-1),Entry(timestamp=2022-12-20, value=-1),Entry(timestamp=2022-12-20, value=-1),Entry(timestamp=2022-12-20, value=-1),Entry(timestamp=2022-12-20, value=-1),Entry(timestamp=2022-12-20, value=-1),Entry(timestamp=2022-12-20, value=-1),Entry(timestamp=2022-12-20, value=-1),
2022-12-19,Entry(timestamp=2022-12-19, value=-1),Entry(timestamp=2022-12-19, value=2),Entry(timestamp=2022-12-19, value=2),Entry(timestamp=2022-12-19, value=2),Entry(timestamp=2022-12-19, value=-1),Entry(timestamp=2022-12-19, value=-1),Entry(timestamp=2022-12-19, value=-1),Entry(timestamp=2022-12-19, value=-1),Entry(timestamp=2022-12-19, value=-1),Entry(timestamp=2022-12-19, value=-1),Entry(timestamp=2022-12-19, value=-1),Entry(timestamp=2022-12-19, value=-1),Entry(timestamp=2022-12-19, value=-1),Entry(timestamp=2022-12-19, value=-1),Entry(timestamp=2022-12-19, value=-1),
2022-12-18,Entry(timestamp=2022-12-18, value=-1),Entry(timestamp=2022-12-18, value=2),Entry(timestamp=2022-12-18, value=2),Entry(timestamp=2022-12-18, value=2),Entry(timestamp=2022-12-18, value=-1),Entry(timestamp=2022-12-18, value=-1),Entry(timestamp=2022-12-18, value=-1),Entry(timestamp=2022-12-18, value=-1),Entry(timestamp=2022-12-18, value=-1),Entry(timestamp=2022-12-18, value=-1),Entry(timestamp=2022-12-18, value=-1),Entry(timestamp=2022-12-18, value=-1),Entry(timestamp=2022-12-18, value=-1),Entry(timestamp=2022-12-18, value=-1),Entry(timestamp=2022-12-18, value=-1),
2022-12-17,Entry(timestamp=2022-12-17, value=-1),Entry(timestamp=2022-12-17, value=2),Entry(timestamp=2022-12-17, value=2),Entry(timestamp=2022-12-17, value=2),Entry(timestamp=2022-12-17, value=-1),Entry(timestamp=2022-12-17, value=-1),Entry(timestamp=2022-12-17, value=-1),Entry(timestamp=2022-12-17, value=-1),Entry(timestamp=2022-12-17, value=-1),Entry(timestamp=2022-12-17, value=-1),Entry(timestamp=2022-12-17, value=-1),Entry(timestamp=2022-12-17, value=-1),Entry(timestamp=2022-12-17, value=-1),Entry(timestamp=2022-12-17, value=-1),Entry(timestamp=2022-12-17, value=-1),
2022-12-16,Entry(timestamp=2022-12-16, value=-1),Entry(timestamp=2022-12-16, value=2),Entry(timestamp=2022-12-16, value=2),Entry(timestamp=2022-12-16, value=2),Entry(timestamp=2022-12-16, value=-1),Entry(timestamp=2022-12-16, value=-1),Entry(timestamp=2022-12-16, value=-1),Entry(timestamp=2022-12-16, value=-1),Entry(timestamp=2022-12-16, value=-1),Entry(timestamp=2022-12-16, value=-1),Entry(timestamp=2022-12-16, value=-1),Entry(timestamp=2022-12-16, value=-1),Entry(timestamp=2022-12-16, value=-1),Entry(timestamp=2022-12-16, value=-1),Entry(timestamp=2022-12-16, value=-1),
2022-12-15,Entry(timestamp=2022-12-15, value=-1),Entry(timestamp=2022-12-15, value=2),Entry(timestamp=2022-12-15, value=2),Entry(timestamp=2022-12-15, value=2),Entry(timestamp=2022-12-15, value=-1),Entry(timestamp=2022-12-15, value=-1),Entry(timestamp=2022-12-15, value=-1),Entry(timestamp=2022-12-15, value=-1),Entry(timestamp=2022-12-15, value=-1),Entry(timestamp=2022-12-15, value=-1),Entry(timestamp=2022-12-15, value=-1),Entry(timestamp=2022-12-15, value=-1),Entry(timestamp=2022-12-15, value=-1),Entry(timestamp=2022-12-15, value=-1),Entry(timestamp=2022-12-15, value=-1),
2022-12-14,Entry(timestamp=2022-12-14, value=-1),Entry(timestamp=2022-12-14, value=2),Entry(timestamp=2022-12-14, value=2),Entry(timestamp=2022-12-14, value=2),Entry(timestamp=2022-12-14, value=-1),Entry(timestamp=2022-12-14, value=-1),Entry(timestamp=2022-12-14, value=-1),Entry(timestamp=2022-12-14, value=-1),Entry(timestamp=2022-12-14, value=-1),Entry(timestamp=2022-12-14, value=-1),Entry(timestamp=2022-12-14, value=-1),Entry(timestamp=2022-12-14, value=-1),Entry(timestamp=2022-12-14, value=-1),Entry(timestamp=2022-12-14, value=-1),Entry(timestamp=2022-12-14, value=-1),
2022-12-13,Entry(timestamp=2022-12-13, value=-1),Entry(timestamp=2022-12-13, value=2),Entry(timestamp=2022-12-13, value=2),Entry(timestamp=2022-12-13, value=2),Entry(timestamp=2022-12-13, value=-1),Entry(timestamp=2022-12-13, value=-1),Entry(timestamp=2022-12-13, value=-1),Entry(timestamp=2022-12-13, value=-1),Entry(timestamp=2022-12-13, value=-1),Entry(timestamp=2022-12-13, value=-1),Entry(timestamp=2022-12-13, value=-1),Entry(timestamp=2022-12-13, value=-1),Entry(timestamp=2022-12-13, value=-1),Entry(timestamp=2022-12-13, value=-1),Entry(timestamp=2022-12-13, value=-1),
2022-12-12,Entry(timestamp=2022-12-12, value=-1),Entry(timestamp=2022-12-12, value=2),Entry(timestamp=2022-12-12, value=2),Entry(timestamp=2022-12-12, value=2),Entry(timestamp=2022-12-12, value=-1),Entry(timestamp=2022-12-12, value=-1),Entry(timestamp=2022-12-12, value=-1),Entry(timestamp=2022-12-12, value=-1),Entry(timestamp=2022-12-12, value=-1),Entry(timestamp=2022-12-12, value=-1),Entry(timestamp=2022-12-12, value=-1),Entry(timestamp=2022-12-12, value=-1),Entry(timestamp=2022-12-12, value=-1),Entry(timestamp=2022-12-12, value=-1),Entry(timestamp=2022-12-12, value=-1),
2022-12-11,Entry(timestamp=2022-12-11, value=-1),Entry(timestamp=2022-12-11, value=2),Entry(timestamp=2022-12-11, value=2),Entry(timestamp=2022-12-11, value=2),Entry(timestamp=2022-12-11, value=-1),Entry(timestamp=2022-12-11, value=-1),Entry(timestamp=2022-12-11, value=-1),Entry(timestamp=2022-12-11, value=-1),Entry(timestamp=2022-12-11, value=-1),Entry(timestamp=2022-12-11, value=-1),Entry(timestamp=2022-12-11, value=-1),Entry(timestamp=2022-12-11, value=-1),Entry(timestamp=2022-12-11, value=-1),Entry(timestamp=2022-12-11, value=-1),Entry(timestamp=2022-12-11, value=-1),
2022-12-10,Entry(timestamp=2022-12-10, value=-1),Entry(timestamp=2022-12-10, value=2),Entry(timestamp=2022-12-10, value=2),Entry(timestamp=2022-12-10, value=2),Entry(timestamp=2022-12-10, value=-1),Entry(timestamp=2022-12-10, value=-1),Entry(timestamp=2022-12-10, value=-1),Entry(timestamp=2022-12-10, value=-1),Entry(timestamp=2022-12-10, value=-1),Entry(timestamp=2022-12-10, value=-1),Entry(timestamp=2022-12-10, value=-1),Entry(timestamp=2022-12-10, value=-1),Entry(timestamp=2022-12-10, value=-1),Entry(timestamp=2022-12-10, value=-1),Entry(timestamp=2022-12-10, value=-1),
2022-12-09,Entry(timestamp=2022-12-09, value=-1),Entry(timestamp=2022-12-09, value=2),Entry(timestamp=2022-12-09, value=2),Entry(timestamp=2022-12-09, value=2),Entry(timestamp=2022-12-09, value=-1),Entry(timestamp=2022-12-09, value=-1),Entry(timestamp=2022-12-09, value=-1),Entry(timestamp=2022-12-09, value=-1),Entry(timestamp=2022-12-09, value=-1),Entry(timestamp=2022-12-09, value=-1),Entry(timestamp=2022-12-09, value=-1),Entry(timestamp=2022-12-09, value=-1),Entry(timestamp=2022-12-09, value=-1),Entry(timestamp=2022-12-09, value=-1),Entry(timestamp=2022-12-09, value=-1),
2022-12-08,Entry(timestamp=2022-12-08, value=-1),Entry(timestamp=2022-12-08, value=2),Entry(timestamp=2022-12-08, value=2),Entry(timestamp=2022-12-08, value=2),Entry(timestamp=2022-12-08, value=-1),Entry(timestamp=2022-12-08, value=-1),Entry(timestamp=2022-12-08, value=-1),Entry(timestamp=2022-12-08, value=-1),Entry(timestamp=2022-12-08, value=-1),Entry(timestamp=2022-12-08, value=-1),Entry(timestamp=2022-12-08, value=-1),Entry(timestamp=2022-12-08, value=-1),Entry(timestamp=2022-12-08, value=-1),Entry(timestamp=2022-12-08, value=-1),Entry(timestamp=2022-12-08, value=-1),
2022-12-07,Entry(timestamp=2022-12-07, value=-1),Entry(timestamp=2022-12-07, value=2),Entry(timestamp=2022-12-07, value=2),Entry(timestamp=2022-12-07, value=2),Entry(timestamp=2022-12-07, value=-1),Entry(timestamp=2022-12-07, value=-1),Entry(timestamp=2022-12-07, value=-1),Entry(timestamp=2022-12-07, value=-1),Entry(timestamp=2022-12-07, value=-1),Entry(timestamp=2022-12-07, value=-1),Entry(timestamp=2022-12-07, value=-1),Entry(timestamp=2022-12-07, value=-1),Entry(timestamp=2022-12-07, value=-1),Entry(timestamp=2022-12-07, value=-1),Entry(timestamp=2022-12-07, value=-1),
2022-12-06,Entry(timestamp=2022-12-06, value=-1),Entry(timestamp=2022-12-06, value=2),Entry(timestamp=2022-12-06, value=2),Entry(timestamp=2022-12-06, value=2),Entry(timestamp=2022-12-06, value=-1),Entry(timestamp=2022-12-06, value=-1),Entry(timestamp=2022-12-06, value=-1),Entry(timestamp=2022-12-06, value=-1),Entry(timestamp=2022-12-06, value=-1),Entry(timestamp=2022-12-06, value=-1),Entry(timestamp=2022-12-06, value=-1),Entry(timestamp=2022-12-06, value=-1),Entry(timestamp=2022-12-06, value=-1),Entry(timestamp=2022-12-06, value=-1),Entry(timestamp=2022-12-06, value=-1),
2022-12-05,Entry(timestamp=2022-12-05, value=-1),Entry(timestamp=2022-12-05, value=2),Entry(timestamp=2022-12-05, value=2),Entry(timestamp=2022-12-05, value=2),Entry(timestamp=2022-12-05, value=-1),Entry(timestamp=2022-12-05, value=-1),Entry(timestamp=2022-12-05, value=-1),Entry(timestamp=2022-12-05, value=-1),Entry(timestamp=2022-12-05, value=-1),Entry(timestamp=2022-12-05, value=-1),Entry(timestamp=2022-12-05, value=-1),Entry(timestamp=2022-12-05, value=-1),Entry(timestamp=2022-12-05, value=-1),Entry(timestamp=2022-12-05, value=-1),Entry(timestamp=2022-12-05, value=-1),
2022-12-04,Entry(timestamp=2022-12-04, value=-1),Entry(timestamp=2022-12-04, value=2),Entry(timestamp=2022-12-04, value=2),Entry(timestamp=2022-12-04, value=2),Entry(timestamp=2022-12-04, value=-1),Entry(timestamp=2022-12-04, value=-1),Entry(timestamp=2022-12-04, value=-1),Entry(timestamp=2022-12-04, value=-1),Entry(timestamp=2022-12-04, value=-1),Entry(timestamp=2022-12-04, value=-1),Entry(timestamp=2022-12-04, value=-1),Entry(timestamp=2022-12-04, value=-1),Entry(timestamp=2022-12-04, value=-1),Entry(timestamp=2022-12-04, value=-1),Entry(timestamp=2022-12-04, value=-1),
2022-12-03,Entry(timestamp=2022-12-03, value=-1),Entry(timestamp=2022-12-03, value=2),Entry(timestamp=2022-12-03, value=2),Entry(timestamp=2022-12-03, value=2),Entry(timestamp=2022-12-03, value=-1),Entry(timestamp=2022-12-03, value=-1),Entry(timestamp=2022-12-03, value=-1),Entry(timestamp=2022-12-03, value=-1),Entry(timestamp=2022-12-03, value=-1),Entry(timestamp=2022-12-03, value=-1),Entry(timestamp=2022-12-03, value=-1),Entry(timestamp=2022-12-03, value=-1),Entry(timestamp=2022-12-03, value=-1),Entry(timestamp=2022-12-03, value=-1),Entry(timestamp=2022-12-03, value=-1),
2022-12-02,Entry(timestamp=2022-12-02, value=-1),Entry(timestamp=2022-12-02, value=2),Entry(timestamp=2022-12-02, value=2),Entry(timestamp=2022-12-02, value=2),Entry(timestamp=2022-12-02, value=-1),Entry(timestamp=2022-12-02, value=-1),Entry(timestamp=2022-12-02, value=-1),Entry(timestamp=2022-12-02, value=-1),Entry(timestamp=2022-12-02, value=-1),Entry(timestamp=2022-12-02, value=-1),Entry(timestamp=2022-12-02, value=-1),Entry(timestamp=2022-12-02, value=-1),Entry(timestamp=2022-12-02, value=-1),Entry(timestamp=2022-12-02, value=-1),Entry(timestamp=2022-12-02, value=-1),
2022-12-01,Entry(timestamp=2022-12-01, value=-1),Entry(timestamp=2022-12-01, value=2),Entry(timestamp=2022-12-01, value=2),Entry(timestamp=2022-12-01, value=2),Entry(timestamp=2022-12-01, value=-1),Entry(timestamp=2022-12-01, value=-1),Entry(timestamp=2022-12-01, value=-1),Entry(timestamp=2022-12-01, value=-1),Entry(timestamp=2022-12-01, value=-1),Entry(timestamp=2022-12-01, value=-1),Entry(timestamp=2022-12-01, value=-1),Entry(timestamp=2022-12-01, value=-1),Entry(timestamp=2022-12-01, value=-1),Entry(timestamp=2022-12-01, value=-1),Entry(timestamp=2022-12-01, value=-1),
2022-11-30,Entry(timestamp=2022-11-30, value=-1),Entry(timestamp=2022-11-30, value=2),Entry(timestamp=2022-11-30, value=2),Entry(timestamp=2022-11-30, value=2),Entry(timestamp=2022-11-30, value=-1),Entry(timestamp=2022-11-30, value=-1),Entry(timestamp=2022-11-30, value=-1),Entry(timestamp=2022-11-30, value=-1),Entry(timestamp=2022-11-30, value=-1),Entry(timestamp=2022-11-30, value=-1),Entry(timestamp=2022-11-30, value=-1),Entry(timestamp=2022-11-30, value=-1),Entry(timestamp=2022-11-30, value=-1),Entry(timestamp=2022-11-30, value=-1),Entry(timestamp=2022-11-30, value=-1),
2022-11-29,Entry(timestamp=2022-11-29, value=-1),Entry(timestamp=2022-11-29, value=2),Entry(timestamp=2022-11-29, value=2),Entry(timestamp=2022-11-29, value=2),Entry(timestamp=2022-11-29, value=-1),Entry(timestamp=2022-11-29, value=-1),Entry(timestamp=2022-11-29, value=-1),Entry(timestamp=2022-11-29, value=-1),Entry(timestamp=2022-11-29, value=-1),Entry(timestamp=2022-11-29, value=-1),Entry(timestamp=2022-11-29, value=-1),Entry(timestamp=2022-11-29, value=-1),Entry(timestamp=2022-11-29, value=-1),Entry(timestamp=2022-11-29, value=-1),Entry(timestamp=2022-11-29, value=-1),
2022-11-28,Entry(timestamp=2022-11-28, value=-1),Entry(timestamp=2022-11-28, value=2),Entry(timestamp=2022-11-28, value=2),Entry(timestamp=2022-11-28, value=2),Entry(timestamp=2022-11-28, value=-1),Entry(timestamp=2022-11-28, value=-1),Entry(timestamp=2022-11-28, value=-1),Entry(timestamp=2022-11-28, value=-1),Entry(timestamp=2022-11-28, value=-1),Entry(timestamp=2022-11-28, value=-1),Entry(timestamp=2022-11-28, value=-1),Entry(timestamp=2022-11-28, value=-1),Entry(timestamp=2022-11-28, value=-1),Entry(timestamp=2022-11-28, value=-1),Entry(timestamp=2022-11-28, value=-1),
2022-11-27,Entry(timestamp=2022-11-27, value=-1),Entry(timestamp=2022-11-27, value=2),Entry(timestamp=2022-11-27, value=2),Entry(timestamp=2022-11-27, value=2),Entry(timestamp=2022-11-27, value=-1),Entry(timestamp=2022-11-27, value=-1),Entry(timestamp=2022-11-27, value=-1),Entry(timestamp=2022-11-27, value=-1),Entry(timestamp=2022-11-27, value=-1),Entry(timestamp=2022-11-27, value=-1),Entry(timestamp=2022-11-27, value=-1),Entry(timestamp=2022-11-27, value=-1),Entry(timestamp=2022-11-27, value=-1),Entry(timestamp=2022-11-27, value=-1),Entry(timestamp=2022-11-27, value=-1),
2022-11-26,Entry(timestamp=2022-11-26, value=-1),Entry(timestamp=2022-11-26, value=2),Entry(timestamp=2022-11-26, value=2),Entry(timestamp=2022-11-26, value=2),Entry(timestamp=2022-11-26, value=-1),Entry(timestamp=2022-11-26, value=-1),Entry(timestamp=2022-11-26, value=-1),Entry(timestamp=2022-11-26, value=-1),Entry(timestamp=2022-11-26, value=-1),Entry(timestamp=2022-11-26, value=-1),Entry(timestamp=2022-11-26, value=-1),Entry(timestamp=2022-11-26, value=-1),Entry(timestamp=2022-11-26, value=-1),Entry(timestamp=2022-11-26, value=-1),Entry(timestamp=2022-11-26, value=-1),
2022-11-25,Entry(timestamp=2022-11-25, value=-1),Entry(timestamp=2022-11-25, value=2),Entry(timestamp=2022-11-25, value=2),Entry(timestamp=2022-11-25, value=2),Entry(timestamp=2022-11-25, value=-1),Entry(timestamp=2022-11-25, value=-1),Entry(timestamp=2022-11-25, value=-1),Entry(timestamp=2022-11-25, value=-1),Entry(timestamp=2022-11-25, value=-1),Entry(timestamp=2022-11-25, value=-1),Entry(timestamp=2022-11-25, value=-1),Entry(timestamp=2022-11-25, value=-1),Entry(timestamp=2022-11-25, value=-1),Entry(timestamp=2022-11-25, value=-1),Entry(timestamp=2022-11-25, value=-1),
2022-11-24,Entry(timestamp=2022-11-24, value=-1),Entry(timestamp=2022-11-24, value=2),Entry(timestamp=2022-11-24, value=2),Entry(timestamp=2022-11-24, value=2),Entry(timestamp=2022-11-24, value=-1),Entry(timestamp=2022-11-24, value=-1),Entry(timestamp=2022-11-24, value=-1),Entry(timestamp=2022-11-24, value=-1),Entry(timestamp=2022-11-24, value=-1),Entry(timestamp=2022-11-24, value=-1),Entry(timestamp=2022-11-24, value=-1),Entry(timestamp=2022-11-24, value=-1),Entry(timestamp=2022-11-24, value=-1),Entry(timestamp=2022-11-24, value=-1),Entry(timestamp=2022-11-24, value=-1),
2022-11-23,Entry(timestamp=2022-11-23, value=-1),Entry(timestamp=2022-11-23, value=2),Entry(timestamp=2022-11-23, value=2),Entry(timestamp=2022-11-23, value=2),Entry(timestamp=2022-11-23, value=-1),Entry(timestamp=2022-11-23, value=-1),Entry(timestamp=2022-11-23, value=-1),Entry(timestamp=2022-11-23, value=-1),Entry(timestamp=2022-11-23, value=-1),Entry(timestamp=2022-11-23, value=-1),Entry(timestamp=2022-11-23, value=-1),Entry(timestamp=2022-11-23, value=-1),Entry(timestamp=2022-11-23, value=-1),Entry(timestamp=2022-11-23, value=-1),Entry(timestamp=2022-11-23, value=-1),
2022-11-22,Entry(timestamp=2022-11-22, value=-1),Entry(timestamp=2022-11-22, value=2),Entry(timestamp=2022-11-22, value=2),Entry(timestamp=2022-11-22, value=2),Entry(timestamp=2022-11-22, value=-1),Entry(timestamp=2022-11-22, value=-1),Entry(timestamp=2022-11-22, value=-1),Entry(timestamp=2022-11-22, value=-1),Entry(timestamp=2022-11-22, value=-1),Entry(timestamp=2022-11-22, value=-1),Entry(timestamp=2022-11-22, value=-1),Entry(timestamp=2022-11-22, value=-1),Entry(timestamp=2022-11-22, value=-1),Entry(timestamp=2022-11-22, value=-1),Entry(timestamp=2022-11-22, value=-1),
2022-11-21,Entry(timestamp=2022-11-21, value=-1),Entry(timestamp=2022-11-21, value=2),Entry(timestamp=2022-11-21, value=2),Entry(timestamp=2022-11-21, value=2),Entry(timestamp=2022-11-21, value=-1),Entry(timestamp=2022-11-21, value=-1),Entry(timestamp=2022-11-21, value=-1),Entry(timestamp=2022-11-21, value=-1),Entry(timestamp=2022-11-21, value=-1),Entry(timestamp=2022-11-21, value=-1),Entry(timestamp=2022-11-21, value=-1),Entry(timestamp=2022-11-21, value=-1),Entry(timestamp=2022-11-21, value=-1),Entry(timestamp=2022-11-21, value=-1),Entry(timestamp=2022-11-21, value=-1),
2022-11-20,Entry(timestamp=2022-11-20, value=-1),Entry(timestamp=2022-11-20, value=2),Entry(timestamp=2022-11-20, value=2),Entry(timestamp=2022-11-20, value=2),Entry(timestamp=2022-11-20, value=-1),Entry(timestamp=2022-11-20, value=-1),Entry(timestamp=2022-11-20, value=-1),Entry(timestamp=2022-11-20, value=-1),Entry(timestamp=2022-11-20, value=-1),Entry(timestamp=2022-11-20, value=-1),Entry(timestamp=2022-11-20, value=-1),Entry(timestamp=2022-11-20, value=-1),Entry(timestamp=2022-11-20, value=-1),Entry(timestamp=2022-11-20, value=-1),Entry(timestamp=2022-11-20, value=-1),
2022-11-19,Entry(timestamp=2022-11-19, value=-1),Entry(timestamp=2022-11-19, value=2),Entry(timestamp=2022-11-19, value=2),Entry(timestamp=2022-11-19, value=2),Entry(timestamp=2022-11-19, value=-1),Entry(timestamp=2022-11-19, value=-1),Entry(timestamp=2022-11-19, value=-1),Entry(timestamp=2022-11-19, value=-1),Entry(timestamp=2022-11-19, value=-1),Entry(timestamp=2022-11-19, value=-1),Entry(timestamp=2022-11-19, value=-1),Entry(timestamp=2022-11-19, value=-1),Entry(timestamp=2022-11-19, value=-1),Entry(timestamp=2022-11-19, value=-1),Entry(timestamp=2022-11-19, value=-1),
2022-11-18,Entry(timestamp=2022-11-18, value=-1),Entry(timestamp=2022-11-18, value=2),Entry(timestamp=2022-11-18, value=2),Entry(timestamp=2022-11-18, value=2),Entry(timestamp=2022-11-18, value=-1),Entry(timestamp=2022-11-18, value=-1),Entry(timestamp=2022-11-18, value=-1),Entry(timestamp=2022-11-18, value=-1),Entry(timestamp=2022-11-18, value=-1),Entry(timestamp=2022-11-18, value=-1),Entry(timestamp=2022-11-18, value=-1),Entry(timestamp=2022-11-18, value=-1),Entry(timestamp=2022-11-18, value=-1),Entry(timestamp=2022-11-18, value=-1),Entry(timestamp=2022-11-18, value=-1),
2022-11-17,Entry(timestamp=2022-11-17, value=-1),Entry(timestamp=2022-11-17, value=2),Entry(timestamp=2022-11-17, value=2),Entry(timestamp=2022-11-17, value=2),Entry(timestamp=2022-11-17, value=-1),Entry(timestamp=2022-11-17, value=-1),Entry(timestamp=2022-11-17, value=-1),Entry(timestamp=2022-11-17, value=-1),Entry(timestamp=2022-11-17, value=-1),Entry(timestamp=2022-11-17, value=-1),Entry(timestamp=2022-11-17, value=-1),Entry(timestamp=2022-11-17, value=-1),Entry(timestamp=2022-11-17, value=-1),Entry(timestamp=2022-11-17, value=-1),Entry(timestamp=2022-11-17, value=-1),
2022-11-16,Entry(timestamp=2022-11-16, value=-1),Entry(timestamp=2022-11-16, value=2),Entry(timestamp=2022-11-16, value=2),Entry(timestamp=2022-11-16, value=2),Entry(timestamp=2022-11-16, value=-1),Entry(timestamp=2022-11-16, value=-1),Entry(timestamp=2022-11-16, value=-1),Entry(timestamp=2022-11-16, value=-1),Entry(timestamp=2022-11-16, value=-1),Entry(timestamp=2022-11-16, value=-1),Entry(timestamp=2022-11-16, value=-1),Entry(timestamp=2022-11-16, value=-1),Entry(timestamp=2022-11-16, value=-1),Entry(timestamp=2022-11-16, value=-1),Entry(timestamp=2022-11-16, value=-1),
2022-11-15,Entry(timestamp=2022-11-15, value=-1),Entry(timestamp=2022-11-15, value=2),Entry(timestamp=2022-11-15, value=2),Entry(timestamp=2022-11-15, value=2),Entry(timestamp=2022-11-15, value=-1),Entry(timestamp=2022-11-15, value=-1),Entry(timestamp=2022-11-15, value=-1),Entry(timestamp=2022-11-15, value=-1),Entry(timestamp=2022-11-15, value=-1),Entry(timestamp=2022-11-15, value=-1),Entry(timestamp=2022-11-15, value=-1),Entry(timestamp=2022-11-15, value=-1),Entry(timestamp=2022-11-15, value=-1),Entry(timestamp=2022-11-15, value=-1),Entry(timestamp=2022-11-15, value=-1),
2022-11-14,Entry(timestamp=2022-11-14, value=-1),Entry(timestamp=2022-11-14, value=2),Entry(timestamp=2022-11-14, value=2),Entry(timestamp=2022-11-14, value=2),Entry(timestamp=2022-11-14, value=-1),Entry(timestamp=2022-11-14, value=-1),Entry(timestamp=2022-11-14, value=-1),Entry(timestamp=2022-11-14, value=-1),Entry(timestamp=2022-11-14, value=-1),Entry(timestamp=2022-11-14, value=-1),Entry(timestamp=2022-11-14, value=-1),Entry(timestamp=2022-11-14, value=-1),Entry(timestamp=2022-11-14, value=-1),Entry(timestamp=2022-11-14, value=-1),Entry(timestamp=2022-11-14, value=-1),
2022-11-13,Entry(timestamp=2022-11-13, value=-1),Entry(timestamp=2022-11-13, value=2),Entry(timestamp=2022-11-13, value=2),Entry(timestamp=2022-11-13, value=2),Entry(timestamp=2022-11-13, value=-1),Entry(timestamp=2022-11-13, value=-1),Entry(timestamp=2022-11-13, value=-1),Entry(timestamp=2022-11-13, value=-1),Entry(timestamp=2022-11-13, value=-1),Entry(timestamp=2022-11-13, value=-1),Entry(timestamp=2022-11-13, value=-1),Entry(timestamp=2022-11-13, value=-1),Entry(timestamp=2022-11-13, value=-1),Entry(timestamp=2022-11-13, value=-1),Entry(timestamp=2022-11-13, value=-1),
2022-11-12,Entry(timestamp=2022-11-12, value=-1),Entry(timestamp=2022-11-12, value=2),Entry(timestamp=2022-11-12, value=2),Entry(timestamp=2022-11-12, value=2),Entry(timestamp=2022-11-12, value=-1),Entry(timestamp=2022-11-12, value=-1),Entry(timestamp=2022-11-12, value=-1),Entry(timestamp=2022-11-12, value=-1),Entry(timestamp=2022-11-12, value=-1),Entry(timestamp=2022-11-12, value=-1),Entry(timestamp=2022-11-12, value=-1),Entry(timestamp=2022-11-12, value=-1),Entry(timestamp=2022-11-12, value=-1),Entry(timestamp=2022-11-12, value=-1),Entry(timestamp=2022-11-12, value=-1),
2022-11-11,Entry(timestamp=2022-11-11, value=-1),Entry(timestamp=2022-11-11, value=2),Entry(timestamp=2022-11-11, value=2),Entry(timestamp=2022-11-11, value=2),Entry(timestamp=2022-11-11, value=-1),Entry(timestamp=2022-11-11, value=-1),Entry(timestamp=2022-11-11, value=-1),Entry(timestamp=2022-11-11, value=-1),Entry(timestamp=2022-11-11, value=-1),Entry(timestamp=2022-11-11, value=-1),Entry(timestamp=2022-11-11, value=-1),Entry(timestamp=2022-11-11, value=-1),Entry(timestamp=2022-11-11, value=-1),Entry(timestamp=2022-11-11, value=-1),Entry(timestamp=2022-11-11, value=-1),
2022-11-10,Entry(timestamp=2022-11-10, value=-1),Entry(timestamp=2022-11-10, value=2),Entry(timestamp=2022-11-10, value=2),Entry(timestamp=2022-11-10, value=2),Entry(timestamp=2022-11-10, value=-1),Entry(timestamp=2022-11-10, value=-1),Entry(timestamp=2022-11-10, value=-1),Entry(timestamp=2022-11-10, value=-1),Entry(timestamp=2022-11-10, value=-1),Entry(timestamp=2022-11-10, value=-1),Entry(timestamp=2022-11-10, value=-1),Entry(timestamp=2022-11-10, value=-1),Entry(timestamp=2022-11-10, value=-1),Entry(timestamp=2022-11-10, value=-1),Entry(timestamp=2022-11-10, value=-1),
2022-11-09,Entry(timestamp=2022-11-09, value=-1),Entry(timestamp=2022-11-09, value=2),Entry(timestamp=2022-11-09, value=2),Entry(timestamp=2022-11-09, value=2),Entry(timestamp=2022-11-09, value=-1),Entry(timestamp=2022-11-09, value=-1),Entry(timestamp=2022-11-09, value=-1),Entry(timestamp=2022-11-09, value=-1),Entry(timestamp=2022-11-09, value=-1),Entry(timestamp=2022-11-09, value=-1),Entry(timestamp=2022-11-09, value=-1),Entry(timestamp=2022-11-09, value=-1),Entry(timestamp=2022-11-09, value=-1),Entry(timestamp=2022-11-09, value=-1),Entry(timestamp=2022-11-09, value=-1),
2022-11-08,Entry(timestamp=2022-11-08, value=-1),Entry(timestamp=2022-11-08, value=2),Entry(timestamp=2022-11-08, value=2),Entry(timestamp=2022-11-08, value=2),Entry(timestamp=2022-11-08, value=-1),Entry(timestamp=2022-11-08, value=-1),Entry(timestamp=2022-11-08, value=-1),Entry(timestamp=2022-11-08, value=-1),Entry(timestamp=2022-11-08, value=-1),Entry(timestamp=2022-11-08, value=-1),Entry(timestamp=2022-11-08, value=-1),Entry(timestamp=2022-11-08, value=-1),Entry(timestamp=2022-11-08, value=-1),Entry(timestamp=2022-11-08, value=-1),Entry(timestamp=2022-11-08, value=-1),
2022-11-07,Entry(timestamp=2022-11-07, value=-1),Entry(timestamp=2022-11-07, value=2),Entry(timestamp=2022-11-07, value=2),Entry(timestamp=2022-11-07, value=2),Entry(timestamp=2022-11-07, value=-1),Entry(timestamp=2022-11-07, value=-1),Entry(timestamp=2022-11-07, value=-1),Entry(timestamp=2022-11-07, value=-1),Entry(timestamp=2022-11-07, value=-1),Entry(timestamp=2022-11-07, value=-1),Entry(timestamp=2022-11-07, value=-1),Entry(timestamp=2022-11-07, value=-1),Entry(timestamp=2022-11-07, value=-1),Entry(timestamp=2022-11-07, value=-1),Entry(timestamp=2022-11-07, value=-1),
2022-11-06,Entry(timestamp=2022-11-06, value=-1),Entry(timestamp=2022-11-06, value=2),Entry(timestamp=2022-11-06, value=2),Entry(timestamp=2022-11-06, value=2),Entry(timestamp=2022-11-06, value=-1),Entry(timestamp=2022-11-06, value=-1),Entry(timestamp=2022-11-06, value=-1),Entry(timestamp=2022-11-06, value=-1),Entry(timestamp=2022-11-06, value=-1),Entry(timestamp=2022-11-06, value=-1),Entry(timestamp=2022-11-06, value=-1),Entry(timestamp=2022-11-06, value=-1),Entry(timestamp=2022-11-06, value=-1),Entry(timestamp=2022-11-06, value=-1),Entry(timestamp=2022-11-06, value=-1),
2022-11-05,Entry(timestamp=2022-11-05, value=-1),Entry(timestamp=2022-11-05, value=2),Entry(timestamp=2022-11-05, value=2),Entry(timestamp=2022-11-05, value=2),Entry(timestamp=2022-11-05, value=-1),Entry(timestamp=2022-11-05, value=-1),Entry(timestamp=2022-11-05, value=-1),Entry(timestamp=2022-11-05, value=-1),Entry(timestamp=2022-11-05, value=-1),Entry(timestamp=2022-11-05, value=-1),Entry(timestamp=2022-11-05, value=-1),Entry(timestamp=2022-11-05, value=-1),Entry(timestamp=2022-11-05, value=-1),Entry(timestamp=2022-11-05, value=-1),Entry(timestamp=2022-11-05, value=-1),
2022-11-04,Entry(timestamp=2022-11-04, value=-1),Entry(timestamp=2022-11-04, value=2),Entry(timestamp=2022-11-04, value=2),Entry(timestamp=2022-11-04, value=2),Entry(timestamp=2022-11-04, value=-1),Entry(timestamp=2022-11-04, value=-1),Entry(timestamp=2022-11-04, value=-1),Entry(timestamp=2022-11-04, value=-1),Entry(timestamp=2022-11-04, value=-1),Entry(timestamp=2022-11-04, value=-1),Entry(timestamp=2022-11-04, value=-1),Entry(timestamp=2022-11-04, value=-1),Entry(timestamp=2022-11-04, value=-1),Entry(timestamp=2022-11-04, value=-1),Entry(timestamp=2022-11-04, value=-1),
2022-11-03,Entry(timestamp=2022-11-03, value=-1),Entry(timestamp=2022-11-03, value=2),Entry(timestamp=2022-11-03, value=2),Entry(timestamp=2022-11-03, value=2),Entry(timestamp=2022-11-03, value=-1),Entry(timestamp=2022-11-03, value=-1),Entry(timestamp=2022-11-03, value=-1),Entry(timestamp=2022-11-03, value=-1),Entry(timestamp=2022-11-03, value=-1),Entry(timestamp=2022-11-03, value=-1),Entry(timestamp=2022-11-03, value=-1),Entry(timestamp=2022-11-03, value=-1),Entry(timestamp=2022-11-03, value=-1),Entry(timestamp=2022-11-03, value=-1),Entry(timestamp=2022-11-03, value=-1),
2022-11-02,Entry(timestamp=2022-11-02, value=-1),Entry(timestamp=2022-11-02, value=2),Entry(timestamp=2022-11-02, value=2),Entry(timestamp=2022-11-02, value=2),Entry(timestamp=2022-11-02, value=-1),Entry(timestamp=2022-11-02, value=-1),Entry(timestamp=2022-11-02, value=-1),Entry(timestamp=2022-11-02, value=-1),Entry(timestamp=2022-11-02, value=-1),Entry(timestamp=2022-11-02, value=-1),Entry(timestamp=2022-11-02, value=-1),Entry(timestamp=2022-11-02, value=-1),Entry(timestamp=2022-11-02, value=-1),Entry(timestamp=2022-11-02, value=-1),Entry(timestamp=2022-11-02, value=-1),
2022-11-01,Entry(timestamp=2022-11-01, value=-1),Entry(timestamp=2022-11-01, value=2),Entry(timestamp=2022-11-01, value=2),Entry(timestamp=2022-11-01, value=2),Entry(timestamp=2022-11-01, value=-1),Entry(timestamp=2022-11-01, value=-1),Entry(timestamp=2022-11-01, value=-1),Entry(timestamp=2022-11-01, value=-1),Entry(timestamp=2022-11-01, value=-1),Entry(timestamp=2022-11-01, value=-1),Entry(timestamp=2022-11-01, value=-1),Entry(timestamp=2022-11-01, value=-1),Entry(timestamp=2022-11-01, value=-1),Entry(timestamp=2022-11-01, value=-1),Entry(timestamp=2022-11-01, value=-1),
2022-10-31,Entry(timestamp=2022-10-31, value=-1),Entry(timestamp=2022-10-31, value=-1),Entry(timestamp=2022-10-31, value=2),Entry(timestamp=2022-10-31, value=2),Entry(timestamp=2022-10-31, value=-1),Entry(timestamp=2022-10-31, value=-1),Entry(timestamp=2022-10-31, value=-1),Entry(timestamp=2022-10-31, value=-1),Entry(timestamp=2022-10-31, value=-1),Entry(timestamp=2022-10-31, value=-1),Entry(timestamp=2022-10-31, value=-1),Entry(timestamp=2022-10-31, value=-1),Entry(timestamp=2022-10-31, value=-1),Entry(timestamp=2022-10-31, value=-1),Entry(timestamp=2022-10-31, value=-1),
2022-10-30,Entry(timestamp=2022-10-30, value=-1),Entry(timestamp=2022-10-30, value=-1),Entry(timestamp=2022-10-30, value=2),Entry(timestamp=2022-10-30, value=2),Entry(timestamp=2022-10-30, value=-1),Entry(timestamp=2022-10-30, value=-1),Entry(timestamp=2022-10-30, value=-1),Entry(timestamp=2022-10-30, value=-1),Entry(timestamp=2022-10-30, value=-1),Entry(timestamp=2022-10-30, value=-1),Entry(timestamp=2022-10-30, value=-1),Entry(timestamp=2022-10-30, value=-1),Entry(timestamp=2022-10-30, value=-1),Entry(timestamp=2022-10-30, value=-1),Entry(timestamp=2022-10-30, value=-1),
2022-10-29,Entry(timestamp=2022-10-29, value=-1),Entry(timestamp=2022-10-29, value=-1),Entry(timestamp=2022-10-29, value=2),Entry(timestamp=2022-10-29, value=-1),Entry(timestamp=2022-10-29, value=-1),Entry(timestamp=2022-10-29, value=-1),Entry(timestamp=2022-10-29, value=-1),Entry(timestamp=2022-10-29, value=-1),Entry(timestamp=2022-10-29, value=-1),Entry(timestamp=2022-10-29, value=-1),Entry(timestamp=2022-10-29, value=-1),Entry(timestamp=2022-10-29, value=-1),Entry(timestamp=2022-10-29, value=-1),Entry(timestamp=2022-10-29, value=-1),Entry(timestamp=2022-10-29, value=-1),
